{"6.888888888888888": [0.2526038758680176, 0.37559640255304877], "5.636363636363637": [0.37559640255304877, 0.49858892923807996], "4.428571428571429": [0.49858892923807996, 0.6215814559231111], "3.444444444444444": [0.6215814559231111, 0.7445739826081423], "2.883720930232558": [0.7445739826081423, 0.8675665092931735], "2.296296296296296": [0.8675665092931735, 0.9905590359782046], "1.9374999999999998": [0.9905590359782046, 1.1135515626632357], "1.5499999999999998": [1.1135515626632357, 1.2365440893482669], "1.0": [1.2365440893482669, 1.3595366160332982], "1.158878504672897": [1.3595366160332982, 1.4825291427183294]}