{"4.333333333333333": [0.674319414658019, 0.7551403874640501], "3.714285714285714": [0.7551403874640501, 0.835961360270081], "3.25": [0.835961360270081, 0.9167823330761121], "2.8888888888888884": [0.9167823330761121, 0.9976033058821432], "2.1666666666666665": [0.9976033058821432, 1.0784242786881744], "2.3636363636363638": [1.0784242786881744, 1.1592452514942053], "1.625": [1.1592452514942053, 1.2400662243002363], "1.04": [1.2400662243002363, 1.3208871971062672], "1.0": [1.3208871971062672, 1.4017081699122984], "1.0833333333333333": [1.4017081699122984, 1.4825291427183294]}