{"1.5": [-1.0, -0.8], "1.105263157894737": [-0.8, -0.6], "1.0": [-0.6, -0.3999999999999999], "1.2352941176470589": [-0.3999999999999999, -0.19999999999999996], "1.3125": [-0.19999999999999996, 0.0], "1.4000000000000001": [0.0, 0.20000000000000018], "1.75": [0.20000000000000018, 0.40000000000000013], "2.1": [0.8, 1.0]}