cell,group in,nuclide,mean,std. dev.
1,1,total,0.2494976320535831,6.412010762270917e-05
